@𰀇	6
@1pcfred	10
@aberobert7752	10
@AlanTheBeast100	10
@alexgis6982	10
@andybaldman	10
@anyoldthing	10
@araf4367	10
@AugmentedGravity	10
@Barmetler	10
@BleepBlop-rh9lm	10
@Briannal884	10
@Carewolf	10
@crackwitz	10
@crazychicken8290	10
@daleolson3506	10
@DanielOliveiraViolao	10
@Danielsheinkman	10
@dannydanny9875	10
@Darkness_Damage	10
@DataIsBeautifulOfficial	10
@DDracee	10
@DeterminismisFreedom	10
@dimitar4y	10
@eichen97	10
@EnglishMike	10
@famous_status	10
@fancen	10
@gagehynes5883	10
@GayatriKhandige	10
@Gnoza_	10
@gregorymoore2877	10
@hanifarroisimukhlis5989	10
@haxkjh	10
@hoofhearted4	10
@iheartvxmpires	10
@iTeerRex	10
@ItsNicolau	10
@Jabberwockybird	10
@JamesD2957	10
@JaydatGusai	10
@jursamaj	10
@justinbustin677	10
@ken6056	10
@KipIngram	10
@Kizerayn	10
@krtirtho	10
@KX36	10
@Lamassu112	10
@leemcdonald1342	10
@littlefrank90	10
@llfalldown	10
@LueLucifer	10
@MaIuar	10
@MichaelSavoji1987	10
@movitoviscyrinxed446	10
@MrKentoNion	10
@MWDiss	10
@N0Xa880iUL	10
@Natalibalyuchka	10
@newbie4789	10
@NostraDavid2	10
@orangedog343	10
@Orbital_Inclination	10
@pavelspeedrun	10
@PeterMoore-q5k	10
@RenderingUser	10
@renjithkrishna2781	10
@revemb4653	10
@ruchikaanwekar9198	10
@SAVAGE-r1z	10
@ShadowByNine	10
@skpince	10
@SNEAKYHOLY-j7h	10
@stevey.iPhoneAir	10
@SuperNASCARrocks	10
@swedishZ0mBi3	10
@TheNewton	10
@TheTattorack	10
@ThisGuyDannyyy	10
@tomahawkx188	10
@Twiliqhtly	10
@UrHumanShield	10
@Verrisin	10
@vishalkalicharan7710	10
@vustvaleo8068	10
@webverse700	10
@X1ssyy	10
@AdvantestInc	11
@a_ggghost	11
@andrewzhuk8713	11
@attattatt-y3h	11
@bananamuffins582	11
@CamonaTempest	11
@cerealport2726	11
@chrishenderson6445	11
@clashcon11	11
@clonkex	11
@cocleum	11
@dw620	11
@eat_ze_bugs	11
@emma_nutella58	11
@Freedomistman	11
@Fungias	11
@GooogleGoglee	11
@GovindSurve-n3n	11
@Guus115	11
@JadenAizen	11
@JamesTK	11
@jewelkendallschmidt	11
@joshcryer	11
@Josh-ks7co	11
@khulhucthulhu9952	11
@konradfesk	11
@Kragatar	11
@Kvadrato_ignat	11
@leshommesdupilly	11
@LinasWizz	11
@Little_Smurf2	11
@Lod_THE_WOLF	11
@mattymattffs	11
@milkywayflat	11
@minhuang8848	11
@MostlyPennyCat	11
@nevergiveup5939	11
@nightgamer_399	11
@nobody7817	11
@puffinjuice	11
@removechan10298	11
@rfltyt	11
@rumfordc	11
@Scorch428	11
@seanrrr	11
@singular9	11
@spencerdunn2313	11
@superjumpbros64	11
@TheHydrator2003	11
@user-oy4lk7fd9w	11
@user-qu2bp8zt6f	11
@UZUMAKI_edits00	11
@ViljoVS	11
@zenlettering	11
@Zwolfe8	11
@4.0.4	12
@andrasbiro3007	12
@BakercalledGhost	12
@Blaisesvids	12
@cc0767	12
@Chuck8541	12
@danser_theplayer01	12
@edweard	12
@formbi	12
@fuzzy-02	12
@GGoAwayy	12
@GrimJackal	12
@hoblon	12
@jaspermcjasper3672	12
@jessiethedude	12
@JesusPlsSaveMe	12
@JimmysDonuts	12
@JMPT	12
@Jul-66	12
@k1ng_chicken	12
@KaosProject21	12
@KohuGaly	12
@komninosm	12
@la5369	12
@m4rt_	12
@marichkalaskova	12
@Memessssss	12
@MikkoRantalainen	12
@NexGen-3D	12
@obriwan1648	12
@Ona-t2f	12
@RealEngineering	12
@Sammysapphira	12
@stevengill1736	12
@Waffie_yt	12
@yassine-sa	12
@badabing3391	13
@cheesebusiness	13
@CUNNYCUNNYCUNNNYY	13
@ehtech_	13
@florianschneider3982	13
@GetMoGaming	13
@GuiDuckz	13
@hudsondangerw	13
@itijikqabl8108	13
@jitenkumarsatapathy7970	13
@johnchessant3012	13
@Julzaa	13
@Layde30s	13
@LubomirKubasdQw4w9WgXcQ	13
@simlei5475	13
@smellthel	13
@Snipsnapsnep	13
@suicideghostftp	13
@TammyHiland	13
@TheRealHolySpirit	13
@TheUsername1536	13
@UnCavi	13
@UTTPSystemHacker	13
@w-Nicksen	13
@ZennExile	13
@1DwtEaUn	14
@Aagamjain-u8s	14
@aRealAndHumanManThing	14
@BiG_Brain13	14
@child666able	14
@Daniel-wn5ye	14
@flibbertigibbet-at-arms	14
@hadesgirld5145	14
@IwantA5090	14
@j.21	14
@kylebowles9820	14
@o1-preview	14
@peeperleviathan2839	14
@salilsingh5956	14
@sayochikun3288	14
@SoggyCat-b2n	14
@solgato5186	14
@Sumanverma-kv1mo	14
@Tahoza	14
@TFKWARRIOR2	14
@UTTPOFFICERFINKLEBERRY	14
@vood__3	14
@watcherManu	14
@willythemailboy2	14
@Xerdoz	14
@xitzy	14
@apache937	15
@blairhoughton7918	15
@blarghblargh	15
@carultch	15
@Croco_G	15
@init_yeah	15
@JeremyAndersonBoise	15
@jmmjmmjmmjmm	15
@JoeyJoJoJrShabbado	15
@michalw8865	15
@naptimusnapolyus1227	15
@paolalovescats	15
@Poorexampeofhuman	15
@Ruiner89	15
@SimoneCarp	15
@ThePrimeTimeagen	15
@therealax6	15
@tinhoyhu	15
@TomNook.	15
@Visitor______________________v	15
@Yara-y8n	15
@Yoga_Tv_buying	15
@ДмитроПрищепа-д3я	15
@Azarilh	16
@bluefrog8u	16
@hamza-chaudhry	16
@haruyu123	16
@june9914	16
@Kyojinsei	16
@lucky_the_dog-v3l	16
@MelroyvandenBerg	16
@passingrando6457	16
@Real-Midas-OK	16
@TheBooker66	16
@tst_09	16
@WhatisReal11	16
@FentonTheIIIV	17
@JoshHarris-i6q	17
@monicasmm	17
@pif5023	17
@RawbLV	17
@re4796	17
@sadqqwwqeq4175	17
@thrillvilled111	17
@ۦۥۥۥ	17
@caldeira_a	18
@deleted-something	18
@EyesOfByes	18
@Fireship	18
@Fly-k7d	18
@galileo_rs	18
@GamerVerseofficial-s4l	18
@HanTrio3	18
@HelloKittyFanMan..	18
@JOTARIBRAJOHH-u5r	18
@miguellopez3392	18
@phoenix_random	18
@sandboy5880	18
@snowthemegaabsol6819	18
@ucngominh3354	18
@johanntiu4162	19
@kaelanstaples	19
@Luzgar	19
@Matt561	19
@matterhadness	19
@nmypraha	19
@PhysicsPolice	19
@1986DarkStalker	20
@Ezboy666z	20
@LLV008	20
@logitech4873	20
@quackelstheduck2040	20
@renakunisaki	20
@sloth021	20
@YXBOLTZ	20
@pseudotasuki	21
@_-7310	22
@CC3GROUNDZERO	22
@lunkel8108	22
@Machines.In.Action	22
@NotReal4	22
@thaddaus_mizgata	22
@ayushrai-p1q	23
@ChristineWilson-n6g	23
@kawaiichamoyada	23
@lloydjudd5137	23
@SpectralCollective	23
@tookitogo	23
@tutacat	23
@hassaan1670	24
@LKD70	24
@notahotshot	24
@PXLame	24
@Xiph1980	24
@invisibleguydude	25
@Kovman9	25
@mb2776	25
@oldman_eleven	25
@Somejerk87778	25
@Unknown-g7w	25
@HelloKittyFanMan	26
@mlggamer5296	26
@Olly-c2x	26
@violetviolet888	26
@rivanpramana7172	27
@rustyudder	27
@UtubeTermsOfService	27
@HeisenbergFam	28
@JordanBeagle	28
@qman8816	29
@myboysd5772	30
@frog8678	31
@Punch_xor_judy	31
@raymondqiu8202	31
@ai3t86	32
@briscoefrost8556	33
@Julio_kYT	33
@illpunchyouintheface9094	35
@NeetCodeIO	35
@dsndicmsa7141	38
@IzzumiPoshaf	38
@bensyversen	39
@Calsydinkydoo25	39
@LinusTechTips	39
@himaririku9254	40
@inzaghiposumaalkahfi9650	40
@salpon	41
@SwitchFBproductions	41
@3blue1brown	42
@nunisworld7475	42
@ataarono	45
@ShadowBandana	52
@Grzelopak	55
@anibration	58
@RadinWaves	60
@Drama_Queef	63
@VideoHouseExtra	63
@aryobimo2199	65
@Mikael-uk7rv	68
@JohnBenjamin-ju6zd	69
@veritasium	73
@ashleyr6809	90
@LarsLarsen77	97
