CxVXvFOPIyQ	28941
u_Lxkt50xOg	27744
zQ2ZJuUJeyo	15254
pgeTa1PV_40	9980
tZ8ehplVFp4	9936
2JzOe1Hs26Q	8824
AFXLZ7FEJc4	8398
n_Lv_mw6m6c	8057
AGglJehON5g	7053
y2y8ME02lX4	6970
onr80iOoEXs	6581
yzSBeCJfhkw	6122
wG-o4rk_W64	4070
MhRGfNkw3Vo	3836
4uqo-brP3xs	3462
oUR6V4dQMmM	3186
4T4AoXFDcD8	2981
qGXtMENJDps	2756
RQWpF2Gb-gU	2547
OW9Mq3wrEqY	2330
AEHc8jrcc6g	2220
sEOXrmsa7Y0	2103
ly6YKz9UfQ4	1984
8tx2viHpgA8	1927
XwhGk4c4bT8	1840
OoU1OY9clvo	1782
lNumJwHpXIA	1701
uiEvIRis8Pc	1618
GOejI6c0CMQ	1610
Dlsa9EBKDGI	1600
7Xib58aLHUU	1570
EVwlTsa9oMM	1492
y9g31qswBV8	1418
iv-5mZ_9CPY	1395
DC2p3kFjcK0	1378
as9L2q9oYiE	1372
q6WlXhtVvkg	1347
yJPvEQ8EBJc	1237
QVqIx-Y8s-s	1237
8_GgeASwHwQ	1160
ZTGSWSEXV_g	1120
aPSrviBQH0A	1078
pOF11EDprxc	1054
LuxTsP23reU	1047
uHm6FEb2Re4	927
AKmYYnMdW7E	919
XGmZFNG-qQQ	870
M-MgQC6z3VU	850
_BrFKp-U8GI	838
4NlrfOl0l8U	821
OfOPrmnHRxw	702
nNNGbV0_VHg	683
wsHt2YReQzA	661
eyOuy7-RmHM	657
SkQsOReCjRU	603
HRolyZS8xSg	601
F_5dq6yK6DY	593
PYSoCbIEuw0	508
itRV2jEtV8Q	486
TS1qrTc07v4	447
iMzSZf4wCL0	434
HUPwOztRsJM	413
W_kSf5yzmr4	399
WVngB3mXVHE	397
b8XVCsXyIZs	382
lSBkMKnsieo	376
WW_7h-lQYio	359
jJqUX9NfHQs	324
qEN5ZHDi1Kg	306
XX8mjBXBqz8	303
N58JYFkZE7I	261
8b3fqIBrNW0	239
LkAj5DcrgsA	196
O_ol96-e2G8	195
VKNb6N7e9_o	180
qSJAvd5Mgio	168
bYkQn2TpF2k	167
yhom9XcXKRM	145
sT82uvvNB6k	138
BzjQXhNYXI0	138
ERI8zTmBYWk	126
9JKBlkwg0yM	106
AE77XJNVGMQ	98
HHUi8F_qAXM	88
bagRW6odvZ4	88
5Z2oPUyDANI	86
HQgVsSI2kI0	80
HjazbLlrWxI	78
yUOScCe6yiQ	75
UnIDbftolFM	68
_5iz1TwUPq0	68
1xUTGw0VqKA	68
a1PdKVyJVSk	60
RZZXeKykr-A	53
1lZpowy21Gc	50
NPg2iRtCr-I	47
4-rc8oRxG7c	45
xCdJb_zI5us	44
Qd9tJ3H_hPE	44
la8tzEyg-hY	42
9rdLYA1KEOA	42
dsSkMonlJ30	40
lCNNA1erCfk	39
okrR1KXNLtA	37
hltLrjabkiY	37
Ke26mgj2VoQ	36
4RdIU71yJlY	35
j5h9dBtWZXM	33
uq-JpclPQV4	31
y_XVeVUpdP4	30
yTTtuxccFdU	30
eZhAACTlQZk	30
6HVeItSN1iU	29
OvufRkoD-D0	28
MrlyUEfqybs	28
K5XcctGAlHk	27
-JFngYs21Y8	27
duIceCXObrA	27
jWRW2xGMqSw	26
KTMU2KsAvy4	25
daE5thDlfEM	25
Dwt8R0KPu7k	24
nBvDtj-p6VM	22
DDWSIJ5DRSU	22
oad8JNNGXrs	19
m7U90fpD2j0	16
idamvcGrrhQ	16
Fb2U3idOw2I	16
ntzA9LS8kLM	15
eojE7M2sj3Q	15
1LsdWU2rAgU	13
YQGmqohFSDg	9
D-4yX6QDfzA	6
0boCP_fZOA8	5
9CcRVrt8tn0	4
uY-CWm95zmI	2
